{
  "roc_auc": 0.6740768992087707,
  "average_precision": 0.529093308082088,
  "n_train": 8000,
  "n_test": 2000
}