{
  "0": {
    "precision": 0.7647849462365591,
    "recall": 0.6199221789883268,
    "f1-score": 0.6847760680821801,
    "support": 6425.0
  },
  "1": {
    "precision": 0.4904006677796327,
    "recall": 0.6573426573426573,
    "f1-score": 0.5617306083422972,
    "support": 3575.0
  },
  "accuracy": 0.6333,
  "macro avg": {
    "precision": 0.6275928070080959,
    "recall": 0.6386324181654921,
    "f1-score": 0.6232533382122386,
    "support": 10000.0
  },
  "weighted avg": {
    "precision": 0.6666925666882079,
    "recall": 0.6333,
    "f1-score": 0.6407873162251719,
    "support": 10000.0
  }
}